DROP DATABASE ThogaKade;
CREATE DATABASE ThogaKade;
USE ThogaKade;

CREATE TABLE `T_USER`(
	`USER_NAME` VARCHAR(50) UNIQUE,
	`PASSWORD` VARCHAR(500),
	 CONSTRAINT PRIMARY KEY (`USER_NAME`)
)
  ENGINE = InnoDB
  AUTO_INCREMENT = 1
  DEFAULT CHARSET latin1;

CREATE TABLE `T_CUSTOMER`(
	`ID` VARCHAR(10) NOT NULL,
	`NAME` VARCHAR(50) ,
	`ADDRESS` VARCHAR(100),
	`SALARY` double(10,2),
	 CONSTRAINT PRIMARY KEY (`ID`)
)
  ENGINE = InnoDB
  AUTO_INCREMENT = 1
  DEFAULT CHARSET latin1;

CREATE TABLE `T_ITEM`(
	`CODE` VARCHAR(6) NOT NULL UNIQUE,
	`NAME` VARCHAR(50) NOT NULL,
	`DESCRIPTION` VARCHAR(20),
	`UNIT_PRICE` DECIMAL(6,2) NOT NULL,
	`QTY_ON_HAND` INT(5) NOT NULL,
	CONSTRAINT PRIMARY KEY (`CODE`)
)
  ENGINE = InnoDB
  AUTO_INCREMENT = 1
  DEFAULT CHARSET latin1;

CREATE TABLE `T_ORDER`(
	`ID` VARCHAR(6) NOT NULL,
	`DATE` DATE,
	`CUST_ID` VARCHAR(6) NOT NULL,
	CONSTRAINT PRIMARY KEY (`ID`),
	CONSTRAINT FOREIGN KEY(`CUST_ID`) REFERENCES T_CUSTOMER(`ID`)
	ON UPDATE CASCADE ON DELETE CASCADE
)
  ENGINE = InnoDB
  AUTO_INCREMENT = 1
  DEFAULT CHARSET latin1;

CREATE TABLE `T_ORDER_DETAIL`(
	`ID` VARCHAR(6) NOT NULL,
	`ITEM_CODE` VARCHAR(6) NOT NULL,
	`QTY` INT(11) NOT NULL,
	CONSTRAINT PRIMARY KEY (`ID`,`ITEM_CODE`),
	CONSTRAINT FOREIGN KEY (`ID`) REFERENCES T_ORDER(`ID`)
	ON UPDATE CASCADE ON DELETE CASCADE,
	CONSTRAINT FOREIGN KEY (`ITEM_CODE`) REFERENCES T_ITEM(`CODE`)
	ON UPDATE CASCADE ON DELETE CASCADE
)
  ENGINE = InnoDB
  AUTO_INCREMENT = 1
  DEFAULT CHARSET latin1;

INSERT INTO T_USER VALUES ('admin','root');

INSERT INTO T_CUSTOMER VALUES('C001','Danapala','No.20 Walana,Panadura,Western',12500);
INSERT INTO T_CUSTOMER VALUES('C002','Gunapala','No 200, Thalpitiya,Wadduwa,Western',12500);
INSERT INTO T_CUSTOMER VALUES('C003','Amarapala','No 100, Horawala,Matugama,Western',13400);
INSERT INTO T_CUSTOMER VALUES('C004','Somapala','No .10, Ginigama,Galle,Southern',12213);
INSERT INTO T_CUSTOMER VALUES('C005','Jinapala','N0. 34 Ginthota,Aluthgama,Southern',24333);
INSERT INTO T_CUSTOMER VALUES('C006','Gnanawathee','No. 230, Galle Road,Panadura,Western',12500);

INSERT INTO T_ITEM VALUES('P001','Keerisamba Retail','1kg',105.00,3000);
INSERT INTO T_ITEM VALUES('P002','Keerisamba 5Kg ','5kg',525.00,200);
INSERT INTO T_ITEM VALUES('P003','Keerisamba 10Kg','10kg',995.00,36);
INSERT INTO T_ITEM VALUES('P004','Keerisamba 50Kg','50kg',4100.00,36);
INSERT INTO T_ITEM VALUES('P005','Red Raw Rice','1kg',60.00,6000);
INSERT INTO T_ITEM VALUES('P006','Red Raw Rice 10Kg Pack','10kg',560.00,300);
INSERT INTO T_ITEM VALUES('P007','Red Raw Rice 50Kg Pack','50kg',5230.00,80);
INSERT INTO T_ITEM VALUES('P008','White Raw Rice 5Kg Pack','5kg',275.00,130);

INSERT INTO T_ORDER VALUES('D016','2008-8-26','C002');
INSERT INTO T_ORDER VALUES('D017','2008-2-16','C003');
INSERT INTO T_ORDER VALUES('D018','2008-3-26','C003');
INSERT INTO T_ORDER VALUES('D019','2008-6-11','C003');
INSERT INTO T_ORDER VALUES('D020','2008-9-26','C003');
INSERT INTO T_ORDER VALUES('D021','2008-11-26','C003');
INSERT INTO T_ORDER VALUES('D022','2008-1-11','C004');
INSERT INTO T_ORDER VALUES('D023','2008-7-21','C004');
INSERT INTO T_ORDER VALUES('D024','2008-9-11','C004');
INSERT INTO T_ORDER VALUES('D025','2008-11-11','C005');

INSERT INTO T_ORDER_DETAIL VALUES('D001',	'P001',	3);
INSERT INTO T_ORDER_DETAIL VALUES('D001',	'P002',	5);
INSERT INTO T_ORDER_DETAIL VALUES('D001',	'P003',	8);
INSERT INTO T_ORDER_DETAIL VALUES('D001',	'P006',	10);
INSERT INTO T_ORDER_DETAIL VALUES('D002',	'P002',	4);
INSERT INTO T_ORDER_DETAIL VALUES('D002',	'P003',	4);
INSERT INTO T_ORDER_DETAIL VALUES('D002',	'P008',	3);
INSERT INTO T_ORDER_DETAIL VALUES('D002',	'P010',	12);
INSERT INTO T_ORDER_DETAIL VALUES('D002',	'P012',	3,);
INSERT INTO T_ORDER_DETAIL VALUES('D003',	'P001',	9);
INSERT INTO T_ORDER_DETAIL VALUES('D003',	'P004',	6);
INSERT INTO T_ORDER_DETAIL VALUES('D003',	'P016',	70);
INSERT INTO T_ORDER_DETAIL VALUES('D004',	'P002',	12);
INSERT INTO T_ORDER_DETAIL VALUES('D004',	'P005',	7);
INSERT INTO T_ORDER_DETAIL VALUES('D004',	'P008',	10);
INSERT INTO T_ORDER_DETAIL VALUES('D004',	'P013',	9);
INSERT INTO T_ORDER_DETAIL VALUES('D004',	'P015',	5);
INSERT INTO T_ORDER_DETAIL VALUES('D004',	'P016',	8);
INSERT INTO T_ORDER_DETAIL VALUES('D004',	'P020',	5);
INSERT INTO T_ORDER_DETAIL VALUES('D004',	'P001',	2);
INSERT INTO T_ORDER_DETAIL VALUES('D004',	'P019',	3);
INSERT INTO T_ORDER_DETAIL VALUES('D004',	'P012',	4);
INSERT INTO T_ORDER_DETAIL VALUES('D005',	'P001',	6);
INSERT INTO T_ORDER_DETAIL VALUES('D005',	'P003',	8);
INSERT INTO T_ORDER_DETAIL VALUES('D005',	'P007',	90);
INSERT INTO T_ORDER_DETAIL VALUES('D006',	'P003',	9);
INSERT INTO T_ORDER_DETAIL VALUES('D006',	'P017',	8);
INSERT INTO T_ORDER_DETAIL VALUES('D007',	'P016',	10);
INSERT INTO T_ORDER_DETAIL VALUES('D008',	'P001',	3);
INSERT INTO T_ORDER_DETAIL VALUES('D009',	'P002',	2);
INSERT INTO T_ORDER_DETAIL VALUES('D009',	'P003',	2);
INSERT INTO T_ORDER_DETAIL VALUES('D009',	'P005',	2);
INSERT INTO T_ORDER_DETAIL VALUES('D009',	'P007',	9);
INSERT INTO T_ORDER_DETAIL VALUES('D009',	'P008',	2);
INSERT INTO T_ORDER_DETAIL VALUES('D009',	'P010',	9);
INSERT INTO T_ORDER_DETAIL VALUES('D009',	'P004',	5);
INSERT INTO T_ORDER_DETAIL VALUES('D010',	'P010',	6);
INSERT INTO T_ORDER_DETAIL VALUES('D010',	'P012',	3);
INSERT INTO T_ORDER_DETAIL VALUES('D010',	'P014',	6);
INSERT INTO T_ORDER_DETAIL VALUES('D010',	'P015',	6);
INSERT INTO T_ORDER_DETAIL VALUES('D010',	'P016',	5);
INSERT INTO T_ORDER_DETAIL VALUES('D010',	'P002',	3);
INSERT INTO T_ORDER_DETAIL VALUES('D010',	'P001',	2);
INSERT INTO T_ORDER_DETAIL VALUES('D012',	'P001',	2);
INSERT INTO T_ORDER_DETAIL VALUES('D012',	'P003',	4);
INSERT INTO T_ORDER_DETAIL VALUES('D013',	'P005',	4);
INSERT INTO T_ORDER_DETAIL VALUES('D013',	'P009',	8);
INSERT INTO T_ORDER_DETAIL VALUES('D014',	'P006',	9);
INSERT INTO T_ORDER_DETAIL VALUES('D014',	'P009',	4);
INSERT INTO T_ORDER_DETAIL VALUES('D014',	'P019',	3);
INSERT INTO T_ORDER_DETAIL VALUES('D014',	'P013',	7);
INSERT INTO T_ORDER_DETAIL VALUES('D014',	'P014',	3);
INSERT INTO T_ORDER_DETAIL VALUES('D014',	'P016',	6);
INSERT INTO T_ORDER_DETAIL VALUES('D015',	'P017',	8);
INSERT INTO T_ORDER_DETAIL VALUES('D015',	'P004',	3);
INSERT INTO T_ORDER_DETAIL VALUES('D015',	'P006',	4);
INSERT INTO T_ORDER_DETAIL VALUES('D015',	'P009',	5);
INSERT INTO T_ORDER_DETAIL VALUES('D015',	'P010',	40);
INSERT INTO T_ORDER_DETAIL VALUES('D015',	'P013',	5);
INSERT INTO T_ORDER_DETAIL VALUES('D015',	'P004',	6);
INSERT INTO T_ORDER_DETAIL VALUES('D015',	'P003',	4);
INSERT INTO T_ORDER_DETAIL VALUES('D016',	'P001',	3);
INSERT INTO T_ORDER_DETAIL VALUES('D016',	'P003',	10);
INSERT INTO T_ORDER_DETAIL VALUES('D016',	'P007',	3);
INSERT INTO T_ORDER_DETAIL VALUES('D016',	'P009',	19);
INSERT INTO T_ORDER_DETAIL VALUES('D016',	'P011',	7);
INSERT INTO T_ORDER_DETAIL VALUES('D017',	'P001',	12);
INSERT INTO T_ORDER_DETAIL VALUES('D017',	'P004',	4);
INSERT INTO T_ORDER_DETAIL VALUES('D017',	'P007',	7);
INSERT INTO T_ORDER_DETAIL VALUES('D017',	'P009',	5);
INSERT INTO T_ORDER_DETAIL VALUES('D017',	'P010',	5);
INSERT INTO T_ORDER_DETAIL VALUES('D017',	'P012',	4);
INSERT INTO T_ORDER_DETAIL VALUES('D017',	'P019',	4);
INSERT INTO T_ORDER_DETAIL VALUES('D018',	'P001',	4);
INSERT INTO T_ORDER_DETAIL VALUES('D018',	'P003',	4);
INSERT INTO T_ORDER_DETAIL VALUES('D018',	'P005',	3);
INSERT INTO T_ORDER_DETAIL VALUES('D018',	'P010',	3);
INSERT INTO T_ORDER_DETAIL VALUES('D018',	'P006',	9);
INSERT INTO T_ORDER_DETAIL VALUES('D019',	'P009',	2);
INSERT INTO T_ORDER_DETAIL VALUES('D019',	'P010',	3);
INSERT INTO T_ORDER_DETAIL VALUES('D019',	'P018',	1);
INSERT INTO T_ORDER_DETAIL VALUES('D019',	'P019',	8);
INSERT INTO T_ORDER_DETAIL VALUES('D019',	'P011',	3);
INSERT INTO T_ORDER_DETAIL VALUES('D020',	'P001',	12);
INSERT INTO T_ORDER_DETAIL VALUES('D020',	'P004',	9);
